{"epoch/epoch":356,"epoch/loss":34.68123245239258,"epoch/val_w_mass_mmd0_loss":0.02047196961939335,"_runtime":5181,"epoch/val_mae_loss":33.27785110473633,"epoch/w0_mass_mae_loss":12.669194221496582,"epoch/nu_mass_loss":0.04558068513870239,"_step":356,"epoch/val_loss":34.47315216064453,"epoch/w_mass_mmd0_loss":0.026403840631246567,"epoch/higgs_mass_loss":1.2785619497299194,"epoch/val_w0_mass_mae_loss":12.494303703308105,"epoch/val_dinu_pt_loss":16.03864860534668,"epoch/val_nu_mass_loss":0.0453847274184227,"epoch/w_mass_mmd1_loss":0.021681716665625572,"epoch/val_neg_r2_loss":-0.8320713043212891,"epoch/val_w1_mass_mae_loss":15.336068153381348,"epoch/w1_mass_mae_loss":15.351099014282227,"epoch/dinu_pt_loss":16.620603561401367,"epoch/learning_rate":9.999999747378752e-05,"epoch/val_w_mass_mmd1_loss":0.02055950276553631,"_timestamp":1.7515579067216828e+09,"_wandb":{"runtime":5181},"epoch/val_higgs_mass_loss":0.9901424050331116,"epoch/mae_loss":33.162235260009766,"epoch/neg_r2_loss":-0.8334522247314453}