{"epoch/val_higgs_mass_loss":1.950453519821167,"epoch/w0_mass_mae_loss":12.660222053527832,"_timestamp":1.7515589953534987e+09,"epoch/epoch":164,"epoch/w_mass_mmd1_loss":0.03530580550432205,"_step":164,"epoch/higgs_mass_loss":1.4810490608215332,"epoch/mae_loss":33.048885345458984,"epoch/val_w0_mass_mae_loss":12.467700958251953,"epoch/val_w_mass_mmd0_loss":0.0400659404695034,"epoch/neg_r2_loss":-0.8344991207122803,"epoch/val_nu_mass_loss":0.04468825086951256,"epoch/val_neg_r2_loss":-0.8317686915397644,"epoch/dinu_pt_loss":16.973892211914062,"_runtime":5180,"epoch/nu_mass_loss":0.04595966264605522,"_wandb":{"runtime":5180},"epoch/val_w_mass_mmd1_loss":0.034806691110134125,"epoch/val_loss":35.40451431274414,"epoch/val_mae_loss":33.0797004699707,"epoch/w_mass_mmd0_loss":0.04458855837583542,"epoch/val_dinu_pt_loss":14.980597496032715,"epoch/w1_mass_mae_loss":15.30213737487793,"epoch/learning_rate":9.999999747378752e-05,"epoch/val_w1_mass_mae_loss":15.190778732299805,"epoch/loss":34.929412841796875}